name,email,primary_skill,secondary_skills,level,years_of_experience,availability_percentage,bench_start_date
Engineer001,eng001@example.com,Java,"Spring Boot,Kafka",mid,5,90,3/12/2026
Engineer002,eng002@example.com,Java,"Microservices,Spring Boot",junior,0,50,3/26/2026
Engineer003,eng003@example.com,DevOps,"AWS,Terraform",mid,5,80,2/7/2026
Engineer004,eng004@example.com,QA,"Playwright,Cypress",senior,7,60,2/25/2026
Engineer005,eng005@example.com,QA,"Selenium,Cypress",mid,4,60,
Engineer006,eng006@example.com,Python,"Django,Flask",senior,9,100,3/3/2026
Engineer007,eng007@example.com,Data,"Spark,Pandas",mid,5,50,
Engineer008,eng008@example.com,DevOps,"AWS,Terraform",senior,8,90,1/7/2026
Engineer009,eng009@example.com,QA,"Playwright,API Testing",mid,3,50,2/25/2026
Engineer010,eng010@example.com,QA,"Selenium,Playwright",senior,6,50,
Engineer011,eng011@example.com,Java,"Spring Boot,Kafka",mid,5,100,1/30/2026
Engineer012,eng012@example.com,DevOps,"AWS,Docker",junior,0,90,3/19/2026
Engineer013,eng013@example.com,Java,"Kafka,Microservices",junior,0,50,2/23/2026
Engineer014,eng014@example.com,Python,"Django,Flask",mid,5,80,1/25/2026
Engineer015,eng015@example.com,Java,"Spring Boot,Microservices",mid,3,70,3/23/2026
Engineer016,eng016@example.com,Python,"ML,Flask",mid,4,80,
Engineer017,eng017@example.com,QA,"Cypress,API Testing",junior,0,70,
Engineer018,eng018@example.com,Python,"Flask,Django",mid,4,90,
Engineer019,eng019@example.com,JavaScript,"Angular,Vue",junior,1,50,
Engineer020,eng020@example.com,Python,"Django,ML",senior,7,50,3/26/2026
Engineer021,eng021@example.com,Data,"Spark,Airflow",senior,6,80,2/23/2026
Engineer022,eng022@example.com,DevOps,"Terraform,AWS",junior,0,100,1/7/2026
Engineer023,eng023@example.com,Python,"ML,Django",senior,8,100,
Engineer024,eng024@example.com,DevOps,"Kubernetes,AWS",mid,4,60,
Engineer025,eng025@example.com,QA,"Playwright,API Testing",junior,2,70,3/2/2026
Engineer026,eng026@example.com,DevOps,"Terraform,Kubernetes",mid,4,50,3/22/2026
Engineer027,eng027@example.com,Data,"Airflow,Spark",senior,6,50,
Engineer028,eng028@example.com,QA,"Playwright,API Testing",junior,1,60,
Engineer029,eng029@example.com,QA,"Playwright,Cypress",mid,3,60,
Engineer030,eng030@example.com,JavaScript,"Angular,Node.js",junior,1,60,2/26/2026
Engineer031,eng031@example.com,Python,"Django,Flask",lead,10,50,
Engineer032,eng032@example.com,Data,"Spark,SQL",junior,2,80,
Engineer033,eng033@example.com,QA,"Playwright,Cypress",mid,3,90,
Engineer034,eng034@example.com,JavaScript,"Vue,Node.js",senior,9,60,3/5/2026
Engineer035,eng035@example.com,QA,"Playwright,Selenium",senior,9,80,
Engineer036,eng036@example.com,DevOps,"Terraform,Docker",junior,0,70,
Engineer037,eng037@example.com,Python,"Django,Flask",junior,1,90,3/8/2026
Engineer038,eng038@example.com,Python,"ML,Flask",senior,7,90,
Engineer039,eng039@example.com,Data,"SQL,Spark",junior,1,100,
Engineer040,eng040@example.com,JavaScript,"Node.js,React",mid,3,90,3/17/2026
Engineer041,eng041@example.com,Data,"Airflow,Spark",mid,5,100,
Engineer042,eng042@example.com,Python,"Flask,ML",junior,1,60,3/5/2026
Engineer043,eng043@example.com,DevOps,"Terraform,Docker",mid,4,50,
Engineer044,eng044@example.com,DevOps,"Kubernetes,Terraform",mid,5,80,
Engineer045,eng045@example.com,Python,"Django,FastAPI",junior,1,90,2/28/2026
Engineer046,eng046@example.com,Java,"Microservices,Kafka",senior,6,70,1/27/2026
Engineer047,eng047@example.com,DevOps,"Terraform,AWS",senior,7,70,3/13/2026
Engineer048,eng048@example.com,Data,"Spark,Pandas",mid,3,80,1/1/2026
Engineer049,eng049@example.com,Data,"Spark,Airflow",junior,1,60,2/9/2026
Engineer050,eng050@example.com,Python,"FastAPI,Django",senior,9,50,3/4/2026
Engineer051,eng051@example.com,JavaScript,"Vue,Node.js",senior,9,60,3/28/2026
Engineer052,eng052@example.com,Python,"ML,Django",junior,0,90,1/26/2026
Engineer053,eng053@example.com,Data,"Pandas,Airflow",mid,5,60,
Engineer054,eng054@example.com,DevOps,"Terraform,Kubernetes",junior,0,60,
Engineer055,eng055@example.com,Python,"Flask,Django",mid,5,70,
Engineer056,eng056@example.com,Data,"Spark,Pandas",junior,2,80,2/10/2026
Engineer057,eng057@example.com,QA,"Selenium,API Testing",mid,5,70,
Engineer058,eng058@example.com,DevOps,"Docker,Kubernetes",junior,1,70,
Engineer059,eng059@example.com,Data,"Spark,SQL",mid,3,100,1/4/2026
Engineer060,eng060@example.com,Data,"Pandas,SQL",mid,4,50,
Engineer061,eng061@example.com,QA,"API Testing,Playwright",mid,5,60,2/19/2026
Engineer062,eng062@example.com,Data,"Airflow,Spark",junior,2,70,1/23/2026
Engineer063,eng063@example.com,DevOps,"AWS,Docker",junior,1,70,
Engineer064,eng064@example.com,Python,"Flask,Django",mid,3,50,2/20/2026
Engineer065,eng065@example.com,Python,"ML,Flask",junior,2,100,2/8/2026
Engineer066,eng066@example.com,DevOps,"Kubernetes,AWS",mid,4,60,
Engineer067,eng067@example.com,Data,"Spark,SQL",senior,8,50,1/19/2026
Engineer068,eng068@example.com,Java,"Kafka,Microservices",mid,5,90,
Engineer069,eng069@example.com,QA,"Playwright,Selenium",junior,2,90,1/11/2026
Engineer070,eng070@example.com,Python,"Flask,FastAPI",mid,4,50,
Engineer071,eng071@example.com,Python,"Flask,Django",senior,6,100,
Engineer072,eng072@example.com,Java,"Microservices,Spring Boot",senior,6,70,1/22/2026
Engineer073,eng073@example.com,JavaScript,"Angular,Vue",senior,8,100,
Engineer074,eng074@example.com,Python,"Django,Flask",mid,3,90,
Engineer075,eng075@example.com,Java,"Spring Boot,Kafka",junior,2,60,2/21/2026
Engineer076,eng076@example.com,QA,"Cypress,Selenium",mid,5,70,3/21/2026
Engineer077,eng077@example.com,DevOps,"Docker,AWS",mid,3,70,
Engineer078,eng078@example.com,Data,"Pandas,Airflow",mid,4,50,2/18/2026
Engineer079,eng079@example.com,JavaScript,"Node.js,React",mid,3,100,3/21/2026
Engineer080,eng080@example.com,Python,"FastAPI,ML",lead,10,70,
Engineer081,eng081@example.com,QA,"Cypress,API Testing",mid,4,80,2/3/2026
Engineer082,eng082@example.com,QA,"Cypress,Selenium",mid,5,80,3/10/2026
Engineer083,eng083@example.com,Data,"Pandas,SQL",mid,4,100,2/21/2026
Engineer084,eng084@example.com,QA,"Selenium,API Testing",mid,3,100,1/3/2026
Engineer085,eng085@example.com,QA,"Playwright,Selenium",mid,3,80,
Engineer086,eng086@example.com,DevOps,"Terraform,Kubernetes",mid,5,90,3/19/2026
Engineer087,eng087@example.com,Data,"Airflow,Pandas",mid,4,90,3/3/2026
Engineer088,eng088@example.com,Data,"Airflow,SQL",mid,4,50,
Engineer089,eng089@example.com,QA,"Selenium,API Testing",mid,5,70,
Engineer090,eng090@example.com,Data,"Pandas,Airflow",mid,5,50,1/28/2026
Engineer091,eng091@example.com,QA,"API Testing,Playwright",senior,7,100,
Engineer092,eng092@example.com,QA,"Playwright,API Testing",mid,4,90,
Engineer093,eng093@example.com,JavaScript,"Angular,React",lead,13,90,1/14/2026
Engineer094,eng094@example.com,Python,"Flask,ML",mid,3,70,
Engineer095,eng095@example.com,JavaScript,"Vue,React",junior,0,70,1/14/2026
Engineer096,eng096@example.com,QA,"API Testing,Cypress",mid,5,70,
Engineer097,eng097@example.com,DevOps,"Docker,Kubernetes",lead,14,70,
Engineer098,eng098@example.com,JavaScript,"Angular,Vue",mid,4,70,
Engineer099,eng099@example.com,DevOps,"AWS,Terraform",junior,0,60,3/23/2026
Engineer100,eng100@example.com,QA,"API Testing,Selenium",senior,6,100,1/2/2026
Engineer101,eng101@example.com,JavaScript,"React,Node.js",junior,1,50,
Engineer102,eng102@example.com,Java,"Kafka,Microservices",senior,6,80,
Engineer103,eng103@example.com,Data,"Spark,SQL",mid,3,50,
Engineer104,eng104@example.com,Python,"Django,FastAPI",junior,2,80,2/16/2026
Engineer105,eng105@example.com,JavaScript,"Vue,React",mid,5,60,
Engineer106,eng106@example.com,JavaScript,"Node.js,React",mid,4,70,1/17/2026
Engineer107,eng107@example.com,Java,"Kafka,Microservices",junior,2,80,2/6/2026
Engineer108,eng108@example.com,Python,"Django,Flask",junior,0,60,
Engineer109,eng109@example.com,JavaScript,"React,Vue",junior,0,90,
Engineer110,eng110@example.com,Python,"Django,ML",mid,3,80,
Engineer111,eng111@example.com,QA,"Selenium,API Testing",senior,7,70,3/18/2026
Engineer112,eng112@example.com,JavaScript,"Vue,React",junior,1,50,3/21/2026
Engineer113,eng113@example.com,JavaScript,"Node.js,Angular",senior,7,100,
Engineer114,eng114@example.com,Python,"Django,ML",junior,0,70,
Engineer115,eng115@example.com,Java,"Kafka,Spring Boot",junior,0,50,3/26/2026
Engineer116,eng116@example.com,DevOps,"Terraform,Docker",junior,1,60,
Engineer117,eng117@example.com,DevOps,"Kubernetes,Docker",senior,9,50,3/8/2026
Engineer118,eng118@example.com,Java,"Microservices,Spring Boot",junior,1,80,
Engineer119,eng119@example.com,DevOps,"Docker,Terraform",lead,11,90,2/12/2026
Engineer120,eng120@example.com,Data,"SQL,Airflow",mid,5,70,3/23/2026
Engineer121,eng121@example.com,Java,"Microservices,Kafka",junior,1,80,3/10/2026
Engineer122,eng122@example.com,DevOps,"Terraform,AWS",junior,1,50,2/1/2026
Engineer123,eng123@example.com,QA,"API Testing,Cypress",senior,6,60,3/17/2026
Engineer124,eng124@example.com,DevOps,"Kubernetes,Terraform",lead,10,60,
Engineer125,eng125@example.com,Python,"Django,FastAPI",junior,2,80,3/15/2026
Engineer126,eng126@example.com,Python,"Django,ML",mid,5,50,
Engineer127,eng127@example.com,Java,"Microservices,Kafka",lead,15,100,
Engineer128,eng128@example.com,Java,"Microservices,Spring Boot",senior,9,100,
Engineer129,eng129@example.com,Python,"Django,ML",senior,6,100,2/8/2026
Engineer130,eng130@example.com,Python,"Flask,Django",lead,13,50,
Engineer131,eng131@example.com,QA,"Playwright,Cypress",mid,4,100,
Engineer132,eng132@example.com,QA,"Playwright,Selenium",mid,3,90,
Engineer133,eng133@example.com,Python,"FastAPI,ML",mid,3,50,
Engineer134,eng134@example.com,JavaScript,"React,Vue",mid,3,70,
Engineer135,eng135@example.com,Java,"Microservices,Spring Boot",senior,6,50,2/6/2026
Engineer136,eng136@example.com,DevOps,"Docker,Kubernetes",junior,2,80,
Engineer137,eng137@example.com,QA,"Playwright,Selenium",senior,6,80,
Engineer138,eng138@example.com,JavaScript,"Vue,React",junior,0,100,2/26/2026
Engineer139,eng139@example.com,QA,"Cypress,API Testing",mid,4,90,3/19/2026
Engineer140,eng140@example.com,Python,"Flask,Django",senior,9,60,1/22/2026
Engineer141,eng141@example.com,Python,"FastAPI,Flask",mid,3,70,
Engineer142,eng142@example.com,Python,"Django,Flask",senior,9,60,
Engineer143,eng143@example.com,Java,"Microservices,Kafka",mid,4,50,1/2/2026
Engineer144,eng144@example.com,Data,"Pandas,Spark",senior,9,70,2/12/2026
Engineer145,eng145@example.com,Java,"Microservices,Kafka",senior,7,50,1/29/2026
Engineer146,eng146@example.com,DevOps,"Kubernetes,Terraform",mid,5,70,1/10/2026
Engineer147,eng147@example.com,Java,"Microservices,Kafka",senior,8,80,2/1/2026
Engineer148,eng148@example.com,Java,"Spring Boot,Microservices",junior,0,60,
Engineer149,eng149@example.com,QA,"Playwright,Cypress",senior,7,100,1/14/2026
Engineer150,eng150@example.com,Java,"Kafka,Spring Boot",mid,4,50,1/2/2026
Engineer151,eng151@example.com,JavaScript,"Angular,Node.js",mid,4,80,
Engineer152,eng152@example.com,Java,"Microservices,Kafka",mid,5,60,2/22/2026
Engineer153,eng153@example.com,JavaScript,"Vue,Node.js",mid,3,70,3/17/2026
Engineer154,eng154@example.com,Python,"FastAPI,ML",senior,8,70,
Engineer155,eng155@example.com,QA,"Selenium,Playwright",lead,12,60,2/21/2026
Engineer156,eng156@example.com,Java,"Microservices,Kafka",senior,8,90,
Engineer157,eng157@example.com,DevOps,"AWS,Kubernetes",senior,8,60,3/16/2026
Engineer158,eng158@example.com,Python,"Django,FastAPI",junior,0,90,
Engineer159,eng159@example.com,JavaScript,"Node.js,React",senior,8,100,
Engineer160,eng160@example.com,JavaScript,"Angular,Node.js",junior,0,50,2/14/2026
Engineer161,eng161@example.com,DevOps,"AWS,Terraform",mid,4,100,2/6/2026
Engineer162,eng162@example.com,Python,"Flask,ML",mid,4,70,
Engineer163,eng163@example.com,Data,"Spark,Airflow",junior,2,80,
Engineer164,eng164@example.com,Python,"FastAPI,Flask",senior,6,50,
Engineer165,eng165@example.com,Python,"ML,Django",junior,2,60,1/12/2026
Engineer166,eng166@example.com,DevOps,"Kubernetes,AWS",mid,5,70,2/17/2026
Engineer167,eng167@example.com,JavaScript,"Node.js,React",mid,5,100,1/24/2026
Engineer168,eng168@example.com,DevOps,"AWS,Docker",senior,6,50,
Engineer169,eng169@example.com,DevOps,"Terraform,AWS",mid,5,50,
Engineer170,eng170@example.com,Data,"Pandas,SQL",lead,15,70,
Engineer171,eng171@example.com,QA,"Cypress,Playwright",lead,9,80,
Engineer172,eng172@example.com,Java,"Spring Boot,Kafka",lead,14,80,
Engineer173,eng173@example.com,JavaScript,"React,Vue",junior,1,100,2/14/2026
Engineer174,eng174@example.com,DevOps,"AWS,Kubernetes",junior,2,90,
Engineer175,eng175@example.com,JavaScript,"Node.js,Angular",junior,0,80,
Engineer176,eng176@example.com,Python,"ML,Django",senior,7,80,
Engineer177,eng177@example.com,Data,"SQL,Airflow",junior,2,100,2/14/2026
Engineer178,eng178@example.com,Python,"ML,FastAPI",mid,3,50,2/20/2026
Engineer179,eng179@example.com,Data,"Pandas,Spark",mid,5,100,2/15/2026
Engineer180,eng180@example.com,Python,"Django,FastAPI",mid,3,80,
Engineer181,eng181@example.com,JavaScript,"Node.js,Angular",senior,9,60,1/11/2026
Engineer182,eng182@example.com,QA,"Cypress,Selenium",senior,7,50,
Engineer183,eng183@example.com,QA,"API Testing,Cypress",junior,1,100,
Engineer184,eng184@example.com,Python,"Flask,FastAPI",senior,8,80,
Engineer185,eng185@example.com,QA,"API Testing,Playwright",senior,6,80,
Engineer186,eng186@example.com,Java,"Microservices,Spring Boot",junior,0,90,2/23/2026
Engineer187,eng187@example.com,QA,"Cypress,API Testing",senior,9,70,
Engineer188,eng188@example.com,DevOps,"Kubernetes,Docker",mid,5,90,
Engineer189,eng189@example.com,Python,"Flask,Django",senior,6,70,
Engineer190,eng190@example.com,Data,"Spark,SQL",mid,3,80,
Engineer191,eng191@example.com,DevOps,"Docker,Kubernetes",senior,8,50,3/28/2026
Engineer192,eng192@example.com,JavaScript,"React,Node.js",lead,9,50,
Engineer193,eng193@example.com,QA,"API Testing,Cypress",junior,2,90,
Engineer194,eng194@example.com,Data,"SQL,Airflow",senior,7,50,
Engineer195,eng195@example.com,Python,"Flask,Django",mid,3,60,1/19/2026
Engineer196,eng196@example.com,Java,"Microservices,Spring Boot",junior,2,90,3/22/2026
Engineer197,eng197@example.com,JavaScript,"React,Node.js",mid,3,100,3/31/2026
Engineer198,eng198@example.com,QA,"Selenium,Playwright",senior,9,90,3/2/2026
Engineer199,eng199@example.com,Java,"Microservices,Kafka",senior,6,50,3/12/2026
Engineer200,eng200@example.com,Data,"Airflow,SQL",mid,5,90,
Engineer201,eng201@example.com,Java,"Spring Boot,Kafka",lead,15,60,1/12/2026
Engineer202,eng202@example.com,QA,"Selenium,Cypress",mid,5,60,3/29/2026
Engineer203,eng203@example.com,Java,"Spring Boot,Kafka",senior,8,70,
Engineer204,eng204@example.com,Data,"Pandas,Spark",junior,0,90,1/15/2026
Engineer205,eng205@example.com,Python,"Flask,FastAPI",junior,2,80,2/27/2026
Engineer206,eng206@example.com,QA,"API Testing,Cypress",mid,4,90,1/27/2026
Engineer207,eng207@example.com,DevOps,"AWS,Kubernetes",junior,0,100,1/20/2026
Engineer208,eng208@example.com,Java,"Microservices,Kafka",mid,5,100,1/18/2026
Engineer209,eng209@example.com,Java,"Microservices,Kafka",junior,1,90,
Engineer210,eng210@example.com,QA,"API Testing,Selenium",mid,5,50,
Engineer211,eng211@example.com,QA,"API Testing,Playwright",mid,5,60,2/18/2026
Engineer212,eng212@example.com,Python,"Flask,Django",mid,4,50,1/16/2026
Engineer213,eng213@example.com,JavaScript,"React,Vue",junior,0,60,1/6/2026
Engineer214,eng214@example.com,Java,"Kafka,Spring Boot",junior,1,60,2/13/2026
Engineer215,eng215@example.com,Python,"Flask,ML",mid,5,70,
Engineer216,eng216@example.com,Python,"ML,Django",junior,2,70,
Engineer217,eng217@example.com,DevOps,"AWS,Kubernetes",junior,0,80,1/25/2026
Engineer218,eng218@example.com,DevOps,"Terraform,Docker",junior,1,90,1/10/2026
Engineer219,eng219@example.com,Python,"Flask,Django",senior,9,100,2/4/2026
Engineer220,eng220@example.com,Python,"Flask,ML",junior,1,100,3/29/2026
Engineer221,eng221@example.com,DevOps,"Docker,Terraform",junior,1,90,2/21/2026
Engineer222,eng222@example.com,Python,"Flask,ML",mid,4,100,2/17/2026
Engineer223,eng223@example.com,DevOps,"Kubernetes,Terraform",senior,6,100,2/26/2026
Engineer224,eng224@example.com,Java,"Kafka,Spring Boot",mid,4,50,1/18/2026
Engineer225,eng225@example.com,JavaScript,"Node.js,Vue",junior,2,80,
Engineer226,eng226@example.com,JavaScript,"React,Vue",junior,0,100,2/15/2026
Engineer227,eng227@example.com,Java,"Kafka,Microservices",junior,0,70,2/20/2026
Engineer228,eng228@example.com,QA,"API Testing,Selenium",junior,2,100,
Engineer229,eng229@example.com,Java,"Kafka,Microservices",mid,3,80,
Engineer230,eng230@example.com,QA,"Playwright,Selenium",senior,7,60,
Engineer231,eng231@example.com,QA,"Playwright,Cypress",senior,6,80,
Engineer232,eng232@example.com,Data,"Pandas,Airflow",senior,9,60,1/1/2026
Engineer233,eng233@example.com,DevOps,"AWS,Terraform",senior,6,80,
Engineer234,eng234@example.com,Data,"Airflow,Spark",mid,4,50,1/31/2026
Engineer235,eng235@example.com,Java,"Kafka,Spring Boot",junior,1,90,
Engineer236,eng236@example.com,JavaScript,"Angular,Node.js",mid,4,50,1/5/2026
Engineer237,eng237@example.com,Java,"Spring Boot,Kafka",senior,9,100,1/3/2026
Engineer238,eng238@example.com,QA,"Playwright,API Testing",mid,4,100,
Engineer239,eng239@example.com,DevOps,"Docker,Terraform",mid,4,100,
Engineer240,eng240@example.com,Data,"Spark,SQL",junior,1,60,3/28/2026
Engineer241,eng241@example.com,Java,"Microservices,Spring Boot",senior,6,100,
Engineer242,eng242@example.com,Java,"Microservices,Kafka",mid,4,60,3/11/2026
Engineer243,eng243@example.com,Java,"Kafka,Spring Boot",mid,5,100,3/8/2026
Engineer244,eng244@example.com,Java,"Spring Boot,Microservices",mid,5,90,1/19/2026
Engineer245,eng245@example.com,QA,"Playwright,Selenium",junior,2,70,3/4/2026
Engineer246,eng246@example.com,Java,"Microservices,Kafka",mid,5,100,
Engineer247,eng247@example.com,QA,"API Testing,Cypress",junior,0,50,
Engineer248,eng248@example.com,JavaScript,"Node.js,React",senior,9,50,3/13/2026
Engineer249,eng249@example.com,JavaScript,"Angular,Vue",lead,11,80,1/17/2026
Engineer250,eng250@example.com,QA,"Cypress,API Testing",junior,0,80,
Engineer251,eng251@example.com,Data,"Spark,Pandas",senior,7,60,1/9/2026
Engineer252,eng252@example.com,Python,"FastAPI,Flask",junior,1,50,2/5/2026
Engineer253,eng253@example.com,JavaScript,"Vue,Node.js",senior,7,80,2/17/2026
Engineer254,eng254@example.com,Python,"ML,FastAPI",senior,9,90,
Engineer255,eng255@example.com,Java,"Microservices,Spring Boot",junior,1,90,2/10/2026
Engineer256,eng256@example.com,DevOps,"Terraform,AWS",mid,5,80,1/14/2026
Engineer257,eng257@example.com,Python,"FastAPI,Django",junior,1,100,3/9/2026
Engineer258,eng258@example.com,Java,"Microservices,Spring Boot",mid,3,60,2/10/2026
Engineer259,eng259@example.com,Java,"Kafka,Spring Boot",mid,5,100,
Engineer260,eng260@example.com,DevOps,"Terraform,AWS",mid,5,50,
Engineer261,eng261@example.com,QA,"Cypress,Selenium",junior,2,100,3/12/2026
Engineer262,eng262@example.com,Data,"Spark,Pandas",junior,1,60,
Engineer263,eng263@example.com,DevOps,"AWS,Terraform",mid,4,90,
Engineer264,eng264@example.com,Java,"Kafka,Microservices",senior,7,60,
Engineer265,eng265@example.com,Python,"Django,Flask",mid,4,100,1/16/2026
Engineer266,eng266@example.com,JavaScript,"Node.js,Vue",junior,1,80,
Engineer267,eng267@example.com,JavaScript,"Node.js,Vue",mid,5,100,
Engineer268,eng268@example.com,Python,"FastAPI,Django",mid,5,90,1/8/2026
Engineer269,eng269@example.com,Python,"ML,Django",junior,1,80,1/21/2026
Engineer270,eng270@example.com,DevOps,"Kubernetes,AWS",senior,7,90,
Engineer271,eng271@example.com,Python,"Flask,Django",mid,4,50,
Engineer272,eng272@example.com,JavaScript,"Node.js,Vue",senior,9,80,3/19/2026
Engineer273,eng273@example.com,Java,"Kafka,Microservices",junior,1,90,
Engineer274,eng274@example.com,Python,"Flask,FastAPI",lead,12,70,
Engineer275,eng275@example.com,Python,"Django,Flask",lead,13,90,3/13/2026
Engineer276,eng276@example.com,Data,"Spark,SQL",junior,2,70,1/22/2026
Engineer277,eng277@example.com,QA,"API Testing,Cypress",junior,0,80,2/25/2026
Engineer278,eng278@example.com,JavaScript,"Vue,Node.js",junior,0,50,
Engineer279,eng279@example.com,DevOps,"Terraform,AWS",senior,8,90,1/3/2026
Engineer280,eng280@example.com,Data,"Pandas,Airflow",senior,9,80,
Engineer281,eng281@example.com,JavaScript,"Vue,React",junior,2,90,
Engineer282,eng282@example.com,Data,"Spark,Airflow",junior,2,100,1/25/2026
Engineer283,eng283@example.com,Data,"SQL,Airflow",junior,0,60,1/1/2026
Engineer284,eng284@example.com,Python,"Flask,ML",mid,3,50,
Engineer285,eng285@example.com,JavaScript,"Node.js,Vue",lead,9,60,2/27/2026
Engineer286,eng286@example.com,Java,"Kafka,Spring Boot",junior,0,100,2/28/2026
Engineer287,eng287@example.com,Python,"Flask,ML",senior,8,100,
Engineer288,eng288@example.com,JavaScript,"React,Node.js",mid,4,60,
Engineer289,eng289@example.com,Python,"ML,Flask",junior,1,80,3/4/2026
Engineer290,eng290@example.com,JavaScript,"Node.js,Angular",mid,4,80,1/17/2026
Engineer291,eng291@example.com,QA,"Playwright,Selenium",senior,7,50,1/30/2026
Engineer292,eng292@example.com,QA,"Selenium,API Testing",mid,3,70,1/31/2026
Engineer293,eng293@example.com,DevOps,"AWS,Terraform",mid,3,90,
Engineer294,eng294@example.com,Python,"Flask,Django",junior,2,60,3/19/2026
Engineer295,eng295@example.com,QA,"Cypress,Selenium",mid,3,100,2/13/2026
Engineer296,eng296@example.com,Data,"Spark,Pandas",senior,6,80,
Engineer297,eng297@example.com,DevOps,"Docker,Kubernetes",lead,14,70,3/12/2026
Engineer298,eng298@example.com,JavaScript,"React,Vue",senior,8,100,
Engineer299,eng299@example.com,QA,"Selenium,Playwright",mid,4,70,
Engineer300,eng300@example.com,QA,"Cypress,Playwright",senior,7,80,2/27/2026
